0,https://www.ninjavan.co/en-ph/tracking?id=SOP000000000000000,False
1,https://www.ninjavan.co/en-ph/tracking?id=SOP000000000000001,False
2,https://www.ninjavan.co/en-ph/tracking?id=SOP000000000000002,False
3,https://www.ninjavan.co/en-ph/tracking?id=SOP000000000000003,False
4,https://www.ninjavan.co/en-ph/tracking?id=SOP000000000000004,False
5,https://www.ninjavan.co/en-ph/tracking?id=SOP000000000000005,False
6,https://www.ninjavan.co/en-ph/tracking?id=SOP000000000000006,False
7,https://www.ninjavan.co/en-ph/tracking?id=SOP000000000000007,False
8,https://www.ninjavan.co/en-ph/tracking?id=SOP000000000000008,False
9,https://www.ninjavan.co/en-ph/tracking?id=SOP000000000000009,False
10,https://www.ninjavan.co/en-ph/tracking?id=SOP000000000000010,False
11,https://www.ninjavan.co/en-ph/tracking?id=SOP000000000000011,False
12,https://www.ninjavan.co/en-ph/tracking?id=SOP000000000000012,False
13,https://www.ninjavan.co/en-ph/tracking?id=SOP000000000000013,False
14,https://www.ninjavan.co/en-ph/tracking?id=SOP000000000000014,False
15,https://www.ninjavan.co/en-ph/tracking?id=SOP000000000000015,False
16,https://www.ninjavan.co/en-ph/tracking?id=SOP000000000000016,False
17,https://www.ninjavan.co/en-ph/tracking?id=SOP000000000000017,False
18,https://www.ninjavan.co/en-ph/tracking?id=SOP000000000000018,False
19,https://www.ninjavan.co/en-ph/tracking?id=SOP000000000000019,False
20,https://www.ninjavan.co/en-ph/tracking?id=SOP000000000000020,False
21,https://www.ninjavan.co/en-ph/tracking?id=SOP000000000000021,False
22,https://www.ninjavan.co/en-ph/tracking?id=SOP000000000000022,False
23,https://www.ninjavan.co/en-ph/tracking?id=SOP000000000000023,False
24,https://www.ninjavan.co/en-ph/tracking?id=SOP000000000000024,False
25,https://www.ninjavan.co/en-ph/tracking?id=SOP000000000000025,False
26,https://www.ninjavan.co/en-ph/tracking?id=SOP000000000000026,False
27,https://www.ninjavan.co/en-ph/tracking?id=SOP000000000000027,False
28,https://www.ninjavan.co/en-ph/tracking?id=SOP000000000000028,False
29,https://www.ninjavan.co/en-ph/tracking?id=SOP000000000000029,False
30,https://www.ninjavan.co/en-ph/tracking?id=SOP000000000000030,False
31,https://www.ninjavan.co/en-ph/tracking?id=SOP000000000000031,False
32,https://www.ninjavan.co/en-ph/tracking?id=SOP000000000000032,False
33,https://www.ninjavan.co/en-ph/tracking?id=SOP000000000000033,False
34,https://www.ninjavan.co/en-ph/tracking?id=SOP000000000000034,False
35,https://www.ninjavan.co/en-ph/tracking?id=SOP000000000000035,False
36,https://www.ninjavan.co/en-ph/tracking?id=SOP000000000000036,False
37,https://www.ninjavan.co/en-ph/tracking?id=SOP000000000000037,False
38,https://www.ninjavan.co/en-ph/tracking?id=SOP000000000000038,False
39,https://www.ninjavan.co/en-ph/tracking?id=SOP000000000000039,False
40,https://www.ninjavan.co/en-ph/tracking?id=SOP000000000000040,False
41,https://www.ninjavan.co/en-ph/tracking?id=SOP000000000000041,False
42,https://www.ninjavan.co/en-ph/tracking?id=SOP000000000000042,False
43,https://www.ninjavan.co/en-ph/tracking?id=SOP000000000000043,False
44,https://www.ninjavan.co/en-ph/tracking?id=SOP000000000000044,False
45,https://www.ninjavan.co/en-ph/tracking?id=SOP000000000000045,False
46,https://www.ninjavan.co/en-ph/tracking?id=SOP000000000000046,False
47,https://www.ninjavan.co/en-ph/tracking?id=SOP000000000000047,False
48,https://www.ninjavan.co/en-ph/tracking?id=SOP000000000000048,False
49,https://www.ninjavan.co/en-ph/tracking?id=SOP000000000000049,False
50,https://www.ninjavan.co/en-ph/tracking?id=SOP000000000000050,False
51,https://www.ninjavan.co/en-ph/tracking?id=SOP000000000000051,False
52,https://www.ninjavan.co/en-ph/tracking?id=SOP000000000000052,False
53,https://www.ninjavan.co/en-ph/tracking?id=SOP000000000000053,False
54,https://www.ninjavan.co/en-ph/tracking?id=SOP000000000000054,False
55,https://www.ninjavan.co/en-ph/tracking?id=SOP000000000000055,False
56,https://www.ninjavan.co/en-ph/tracking?id=SOP000000000000056,False
57,https://www.ninjavan.co/en-ph/tracking?id=SOP000000000000057,False
58,https://www.ninjavan.co/en-ph/tracking?id=SOP000000000000058,False
59,https://www.ninjavan.co/en-ph/tracking?id=SOP000000000000059,False
60,https://www.ninjavan.co/en-ph/tracking?id=SOP000000000000060,False
61,https://www.ninjavan.co/en-ph/tracking?id=SOP000000000000061,False
62,https://www.ninjavan.co/en-ph/tracking?id=SOP000000000000062,False
63,https://www.ninjavan.co/en-ph/tracking?id=SOP000000000000063,False
64,https://www.ninjavan.co/en-ph/tracking?id=SOP000000000000064,False
65,https://www.ninjavan.co/en-ph/tracking?id=SOP000000000000065,False
66,https://www.ninjavan.co/en-ph/tracking?id=SOP000000000000066,False
67,https://www.ninjavan.co/en-ph/tracking?id=SOP000000000000067,False
68,https://www.ninjavan.co/en-ph/tracking?id=SOP000000000000068,False
69,https://www.ninjavan.co/en-ph/tracking?id=SOP000000000000069,False
70,https://www.ninjavan.co/en-ph/tracking?id=SOP000000000000070,False
71,https://www.ninjavan.co/en-ph/tracking?id=SOP000000000000071,False
72,https://www.ninjavan.co/en-ph/tracking?id=SOP000000000000072,False
73,https://www.ninjavan.co/en-ph/tracking?id=SOP000000000000073,False
74,https://www.ninjavan.co/en-ph/tracking?id=SOP000000000000074,False
75,https://www.ninjavan.co/en-ph/tracking?id=SOP000000000000075,False
76,https://www.ninjavan.co/en-ph/tracking?id=SOP000000000000076,False
77,https://www.ninjavan.co/en-ph/tracking?id=SOP000000000000077,False
78,https://www.ninjavan.co/en-ph/tracking?id=SOP000000000000078,False
79,https://www.ninjavan.co/en-ph/tracking?id=SOP000000000000079,False
80,https://www.ninjavan.co/en-ph/tracking?id=SOP000000000000080,False
81,https://www.ninjavan.co/en-ph/tracking?id=SOP000000000000081,False
82,https://www.ninjavan.co/en-ph/tracking?id=SOP000000000000082,False
83,https://www.ninjavan.co/en-ph/tracking?id=SOP000000000000083,False
84,https://www.ninjavan.co/en-ph/tracking?id=SOP000000000000084,False
85,https://www.ninjavan.co/en-ph/tracking?id=SOP000000000000085,False
86,https://www.ninjavan.co/en-ph/tracking?id=SOP000000000000086,False
87,https://www.ninjavan.co/en-ph/tracking?id=SOP000000000000087,False
88,https://www.ninjavan.co/en-ph/tracking?id=SOP000000000000088,False
89,https://www.ninjavan.co/en-ph/tracking?id=SOP000000000000089,False
90,https://www.ninjavan.co/en-ph/tracking?id=SOP000000000000090,False
91,https://www.ninjavan.co/en-ph/tracking?id=SOP000000000000091,False
92,https://www.ninjavan.co/en-ph/tracking?id=SOP000000000000092,False
93,https://www.ninjavan.co/en-ph/tracking?id=SOP000000000000093,False
94,https://www.ninjavan.co/en-ph/tracking?id=SOP000000000000094,False
95,https://www.ninjavan.co/en-ph/tracking?id=SOP000000000000095,False
